UUID,file_path
NM2001H250,/Users/josephloffredo/MIT Dropbox/Joseph Loffredo/election_bill_text/data/new_mexico/NM2001H250/house_HB0250.pdf
NM2001H256,/Users/josephloffredo/MIT Dropbox/Joseph Loffredo/election_bill_text/data/new_mexico/NM2001H256/house_HB0256.pdf
NM2001H260,/Users/josephloffredo/MIT Dropbox/Joseph Loffredo/election_bill_text/data/new_mexico/NM2001H260/house_HB0260.pdf
NM2001H327,/Users/josephloffredo/MIT Dropbox/Joseph Loffredo/election_bill_text/data/new_mexico/NM2001H327/house_HB0327.pdf
NM2001H349,/Users/josephloffredo/MIT Dropbox/Joseph Loffredo/election_bill_text/data/new_mexico/NM2001H349/house_HB0349.pdf
NM2001H484,/Users/josephloffredo/MIT Dropbox/Joseph Loffredo/election_bill_text/data/new_mexico/NM2001H484/house_HB0484.pdf
NM2001H510,/Users/josephloffredo/MIT Dropbox/Joseph Loffredo/election_bill_text/data/new_mexico/NM2001H510/house_HB0510.pdf
NM2001H514,/Users/josephloffredo/MIT Dropbox/Joseph Loffredo/election_bill_text/data/new_mexico/NM2001H514/house_HB0514.pdf
NM2001H532,/Users/josephloffredo/MIT Dropbox/Joseph Loffredo/election_bill_text/data/new_mexico/NM2001H532/house_HB0532.pdf
NM2001H756,/Users/josephloffredo/MIT Dropbox/Joseph Loffredo/election_bill_text/data/new_mexico/NM2001H756/house_HB0756.pdf
NM2001H827,/Users/josephloffredo/MIT Dropbox/Joseph Loffredo/election_bill_text/data/new_mexico/NM2001H827/house_HB0827.pdf
NM2001H931,/Users/josephloffredo/MIT Dropbox/Joseph Loffredo/election_bill_text/data/new_mexico/NM2001H931/house_HB0931.pdf
NM2001H932,/Users/josephloffredo/MIT Dropbox/Joseph Loffredo/election_bill_text/data/new_mexico/NM2001H932/house_HB0932.pdf
NM2001H933,/Users/josephloffredo/MIT Dropbox/Joseph Loffredo/election_bill_text/data/new_mexico/NM2001H933/house_HB0933.pdf
NM2001S16,/Users/josephloffredo/MIT Dropbox/Joseph Loffredo/election_bill_text/data/new_mexico/NM2001S16/senate_SB0016.pdf
NM2001S183,/Users/josephloffredo/MIT Dropbox/Joseph Loffredo/election_bill_text/data/new_mexico/NM2001S183/senate_SB0183.pdf
NM2001S204,/Users/josephloffredo/MIT Dropbox/Joseph Loffredo/election_bill_text/data/new_mexico/NM2001S204/senate_SB0204.pdf
NM2001S293,/Users/josephloffredo/MIT Dropbox/Joseph Loffredo/election_bill_text/data/new_mexico/NM2001S293/senate_SB0293.pdf
NM2001S296,/Users/josephloffredo/MIT Dropbox/Joseph Loffredo/election_bill_text/data/new_mexico/NM2001S296/senate_SB0296.pdf
NM2001S299,/Users/josephloffredo/MIT Dropbox/Joseph Loffredo/election_bill_text/data/new_mexico/NM2001S299/senate_SB0299.pdf
NM2001S355,/Users/josephloffredo/MIT Dropbox/Joseph Loffredo/election_bill_text/data/new_mexico/NM2001S355/senate_SB0355.pdf
NM2001S578,/Users/josephloffredo/MIT Dropbox/Joseph Loffredo/election_bill_text/data/new_mexico/NM2001S578/senate_SB0578.pdf
NM2001S746,/Users/josephloffredo/MIT Dropbox/Joseph Loffredo/election_bill_text/data/new_mexico/NM2001S746/senate_SB0746.pdf
NM2001S753,/Users/josephloffredo/MIT Dropbox/Joseph Loffredo/election_bill_text/data/new_mexico/NM2001S753/senate_SB0753.pdf
NM2001S802,/Users/josephloffredo/MIT Dropbox/Joseph Loffredo/election_bill_text/data/new_mexico/NM2001S802/senate_SB0802.pdf
NM2002H254,/Users/josephloffredo/MIT Dropbox/Joseph Loffredo/election_bill_text/data/new_mexico/NM2002H254/house_HB0254.pdf
NM2002H291,/Users/josephloffredo/MIT Dropbox/Joseph Loffredo/election_bill_text/data/new_mexico/NM2002H291/house_HB0291.pdf
NM2002H422,/Users/josephloffredo/MIT Dropbox/Joseph Loffredo/election_bill_text/data/new_mexico/NM2002H422/house_HB0422.pdf
NM2002H9,/Users/josephloffredo/MIT Dropbox/Joseph Loffredo/election_bill_text/data/new_mexico/NM2002H9/house_HB0009.pdf
NM2002S157,/Users/josephloffredo/MIT Dropbox/Joseph Loffredo/election_bill_text/data/new_mexico/NM2002S157/senate_SB0157.pdf
NM2002S307,/Users/josephloffredo/MIT Dropbox/Joseph Loffredo/election_bill_text/data/new_mexico/NM2002S307/senate_SB0307.pdf
NM2002S43,/Users/josephloffredo/MIT Dropbox/Joseph Loffredo/election_bill_text/data/new_mexico/NM2002S43/senate_SB0043.pdf
NM2003H1039,/Users/josephloffredo/MIT Dropbox/Joseph Loffredo/election_bill_text/data/new_mexico/NM2003H1039/house_HB1039.pdf
NM2003H135,/Users/josephloffredo/MIT Dropbox/Joseph Loffredo/election_bill_text/data/new_mexico/NM2003H135/house_HB0135.pdf
NM2003H17,/Users/josephloffredo/MIT Dropbox/Joseph Loffredo/election_bill_text/data/new_mexico/NM2003H17/house_HB0017.pdf
NM2003H20,/Users/josephloffredo/MIT Dropbox/Joseph Loffredo/election_bill_text/data/new_mexico/NM2003H20/house_HB0020.pdf
NM2003H208,/Users/josephloffredo/MIT Dropbox/Joseph Loffredo/election_bill_text/data/new_mexico/NM2003H208/house_HB0208.pdf
NM2003H216,/Users/josephloffredo/MIT Dropbox/Joseph Loffredo/election_bill_text/data/new_mexico/NM2003H216/house_HB0216.pdf
NM2003H268,/Users/josephloffredo/MIT Dropbox/Joseph Loffredo/election_bill_text/data/new_mexico/NM2003H268/house_HB0268.pdf
NM2003H382,/Users/josephloffredo/MIT Dropbox/Joseph Loffredo/election_bill_text/data/new_mexico/NM2003H382/house_HB0382.pdf
NM2003H383,/Users/josephloffredo/MIT Dropbox/Joseph Loffredo/election_bill_text/data/new_mexico/NM2003H383/house_HB0383.pdf
NM2003H409,/Users/josephloffredo/MIT Dropbox/Joseph Loffredo/election_bill_text/data/new_mexico/NM2003H409/house_HB0409.pdf
NM2003H444,/Users/josephloffredo/MIT Dropbox/Joseph Loffredo/election_bill_text/data/new_mexico/NM2003H444/house_HB0444.pdf
NM2003H447,/Users/josephloffredo/MIT Dropbox/Joseph Loffredo/election_bill_text/data/new_mexico/NM2003H447/house_HB0447.pdf
NM2003H628,/Users/josephloffredo/MIT Dropbox/Joseph Loffredo/election_bill_text/data/new_mexico/NM2003H628/house_HB0628.pdf
NM2003H711,/Users/josephloffredo/MIT Dropbox/Joseph Loffredo/election_bill_text/data/new_mexico/NM2003H711/house_HB0711.pdf
NM2003H984,/Users/josephloffredo/MIT Dropbox/Joseph Loffredo/election_bill_text/data/new_mexico/NM2003H984/house_HB0984.pdf
NM2003H985,/Users/josephloffredo/MIT Dropbox/Joseph Loffredo/election_bill_text/data/new_mexico/NM2003H985/house_HB0985.pdf
NM2003H986,/Users/josephloffredo/MIT Dropbox/Joseph Loffredo/election_bill_text/data/new_mexico/NM2003H986/house_HB0986.pdf
NM2003S147,/Users/josephloffredo/MIT Dropbox/Joseph Loffredo/election_bill_text/data/new_mexico/NM2003S147/senate_SB0147.pdf
NM2003S330,/Users/josephloffredo/MIT Dropbox/Joseph Loffredo/election_bill_text/data/new_mexico/NM2003S330/senate_SB0330.pdf
NM2003S540,/Users/josephloffredo/MIT Dropbox/Joseph Loffredo/election_bill_text/data/new_mexico/NM2003S540/senate_SB0540.pdf
NM2003S781,/Users/josephloffredo/MIT Dropbox/Joseph Loffredo/election_bill_text/data/new_mexico/NM2003S781/senate_SB0781.pdf
NM2003S837,/Users/josephloffredo/MIT Dropbox/Joseph Loffredo/election_bill_text/data/new_mexico/NM2003S837/senate_SB0837.pdf
NM2004H248,/Users/josephloffredo/MIT Dropbox/Joseph Loffredo/election_bill_text/data/new_mexico/NM2004H248/house_HB0248.pdf
NM2004H410,/Users/josephloffredo/MIT Dropbox/Joseph Loffredo/election_bill_text/data/new_mexico/NM2004H410/house_HB0410.pdf
NM2004H500,/Users/josephloffredo/MIT Dropbox/Joseph Loffredo/election_bill_text/data/new_mexico/NM2004H500/house_HB0500.pdf
NM2004H501,/Users/josephloffredo/MIT Dropbox/Joseph Loffredo/election_bill_text/data/new_mexico/NM2004H501/house_HB0501.pdf
NM2004H502,/Users/josephloffredo/MIT Dropbox/Joseph Loffredo/election_bill_text/data/new_mexico/NM2004H502/house_HB0502.pdf
NM2004H503,/Users/josephloffredo/MIT Dropbox/Joseph Loffredo/election_bill_text/data/new_mexico/NM2004H503/house_HB0503.pdf
NM2004H567,/Users/josephloffredo/MIT Dropbox/Joseph Loffredo/election_bill_text/data/new_mexico/NM2004H567/house_HB0567.pdf
NM2004S244,/Users/josephloffredo/MIT Dropbox/Joseph Loffredo/election_bill_text/data/new_mexico/NM2004S244/senate_SB0244.pdf
NM2004S245,/Users/josephloffredo/MIT Dropbox/Joseph Loffredo/election_bill_text/data/new_mexico/NM2004S245/senate_SB0245.pdf
NM2004S533,/Users/josephloffredo/MIT Dropbox/Joseph Loffredo/election_bill_text/data/new_mexico/NM2004S533/senate_SB0533.pdf
NM2004S541,/Users/josephloffredo/MIT Dropbox/Joseph Loffredo/election_bill_text/data/new_mexico/NM2004S541/senate_SB0541.pdf
NM2004S62,/Users/josephloffredo/MIT Dropbox/Joseph Loffredo/election_bill_text/data/new_mexico/NM2004S62/senate_SB0062.pdf
NM2005H1026,/Users/josephloffredo/MIT Dropbox/Joseph Loffredo/election_bill_text/data/new_mexico/NM2005H1026/house_HB1026.pdf
NM2005H1062,/Users/josephloffredo/MIT Dropbox/Joseph Loffredo/election_bill_text/data/new_mexico/NM2005H1062/house_HB1062.pdf
NM2005H1063,/Users/josephloffredo/MIT Dropbox/Joseph Loffredo/election_bill_text/data/new_mexico/NM2005H1063/house_HB1063.pdf
NM2005H1064,/Users/josephloffredo/MIT Dropbox/Joseph Loffredo/election_bill_text/data/new_mexico/NM2005H1064/house_HB1064.pdf
NM2005H1065,/Users/josephloffredo/MIT Dropbox/Joseph Loffredo/election_bill_text/data/new_mexico/NM2005H1065/house_HB1065.pdf
NM2005H18,/Users/josephloffredo/MIT Dropbox/Joseph Loffredo/election_bill_text/data/new_mexico/NM2005H18/house_HB0018.pdf
NM2005H20,/Users/josephloffredo/MIT Dropbox/Joseph Loffredo/election_bill_text/data/new_mexico/NM2005H20/house_HB0020.pdf
NM2005H208,/Users/josephloffredo/MIT Dropbox/Joseph Loffredo/election_bill_text/data/new_mexico/NM2005H208/house_HB0208.pdf
NM2005H23,/Users/josephloffredo/MIT Dropbox/Joseph Loffredo/election_bill_text/data/new_mexico/NM2005H23/house_HB0023.pdf
NM2005H24,/Users/josephloffredo/MIT Dropbox/Joseph Loffredo/election_bill_text/data/new_mexico/NM2005H24/house_HB0024.pdf
NM2005H25,/Users/josephloffredo/MIT Dropbox/Joseph Loffredo/election_bill_text/data/new_mexico/NM2005H25/house_HB0025.pdf
NM2005H26,/Users/josephloffredo/MIT Dropbox/Joseph Loffredo/election_bill_text/data/new_mexico/NM2005H26/house_HB0026.pdf
NM2005H261,/Users/josephloffredo/MIT Dropbox/Joseph Loffredo/election_bill_text/data/new_mexico/NM2005H261/house_HB0261.pdf
NM2005H266,/Users/josephloffredo/MIT Dropbox/Joseph Loffredo/election_bill_text/data/new_mexico/NM2005H266/house_HB0266.pdf
NM2005H27,/Users/josephloffredo/MIT Dropbox/Joseph Loffredo/election_bill_text/data/new_mexico/NM2005H27/house_HB0027.pdf
NM2005H28,/Users/josephloffredo/MIT Dropbox/Joseph Loffredo/election_bill_text/data/new_mexico/NM2005H28/house_HB0028.pdf
NM2005H29,/Users/josephloffredo/MIT Dropbox/Joseph Loffredo/election_bill_text/data/new_mexico/NM2005H29/house_HB0029.pdf
NM2005H329,/Users/josephloffredo/MIT Dropbox/Joseph Loffredo/election_bill_text/data/new_mexico/NM2005H329/house_HB0329.pdf
NM2005H350,/Users/josephloffredo/MIT Dropbox/Joseph Loffredo/election_bill_text/data/new_mexico/NM2005H350/house_HB0350.pdf
NM2005H361,/Users/josephloffredo/MIT Dropbox/Joseph Loffredo/election_bill_text/data/new_mexico/NM2005H361/house_HB0361.pdf
NM2005H362,/Users/josephloffredo/MIT Dropbox/Joseph Loffredo/election_bill_text/data/new_mexico/NM2005H362/house_HB0362.pdf
NM2005H41,/Users/josephloffredo/MIT Dropbox/Joseph Loffredo/election_bill_text/data/new_mexico/NM2005H41/house_HB0041.pdf
NM2005H539,/Users/josephloffredo/MIT Dropbox/Joseph Loffredo/election_bill_text/data/new_mexico/NM2005H539/house_HB0539.pdf
NM2005H559,/Users/josephloffredo/MIT Dropbox/Joseph Loffredo/election_bill_text/data/new_mexico/NM2005H559/house_HB0559.pdf
NM2005H560,/Users/josephloffredo/MIT Dropbox/Joseph Loffredo/election_bill_text/data/new_mexico/NM2005H560/house_HB0560.pdf
NM2005H63,/Users/josephloffredo/MIT Dropbox/Joseph Loffredo/election_bill_text/data/new_mexico/NM2005H63/house_HB0063.pdf
NM2005H64,/Users/josephloffredo/MIT Dropbox/Joseph Loffredo/election_bill_text/data/new_mexico/NM2005H64/final_HB0064.pdf
NM2005H686,/Users/josephloffredo/MIT Dropbox/Joseph Loffredo/election_bill_text/data/new_mexico/NM2005H686/house_HB0686.pdf
NM2005H701,/Users/josephloffredo/MIT Dropbox/Joseph Loffredo/election_bill_text/data/new_mexico/NM2005H701/house_HB0701.pdf
NM2005H732,/Users/josephloffredo/MIT Dropbox/Joseph Loffredo/election_bill_text/data/new_mexico/NM2005H732/house_HB0732.pdf
NM2005H735,/Users/josephloffredo/MIT Dropbox/Joseph Loffredo/election_bill_text/data/new_mexico/NM2005H735/house_HB0735.pdf
NM2005H742,/Users/josephloffredo/MIT Dropbox/Joseph Loffredo/election_bill_text/data/new_mexico/NM2005H742/house_HB0742.pdf
NM2005H792,/Users/josephloffredo/MIT Dropbox/Joseph Loffredo/election_bill_text/data/new_mexico/NM2005H792/house_HB0792.pdf
NM2005H898,/Users/josephloffredo/MIT Dropbox/Joseph Loffredo/election_bill_text/data/new_mexico/NM2005H898/house_HB0898.pdf
NM2005H902,/Users/josephloffredo/MIT Dropbox/Joseph Loffredo/election_bill_text/data/new_mexico/NM2005H902/house_HB0902.pdf
NM2005H915,/Users/josephloffredo/MIT Dropbox/Joseph Loffredo/election_bill_text/data/new_mexico/NM2005H915/house_HB0915.pdf
NM2005S106,/Users/josephloffredo/MIT Dropbox/Joseph Loffredo/election_bill_text/data/new_mexico/NM2005S106/senate_SB0106.pdf
NM2005S1065,/Users/josephloffredo/MIT Dropbox/Joseph Loffredo/election_bill_text/data/new_mexico/NM2005S1065/senate_SB1065.pdf
NM2005S108,/Users/josephloffredo/MIT Dropbox/Joseph Loffredo/election_bill_text/data/new_mexico/NM2005S108/final_SB0108.pdf
NM2005S40,/Users/josephloffredo/MIT Dropbox/Joseph Loffredo/election_bill_text/data/new_mexico/NM2005S40/senate_SB0040.pdf
NM2005S41,/Users/josephloffredo/MIT Dropbox/Joseph Loffredo/election_bill_text/data/new_mexico/NM2005S41/senate_SB0041.pdf
NM2005S433,/Users/josephloffredo/MIT Dropbox/Joseph Loffredo/election_bill_text/data/new_mexico/NM2005S433/senate_SB0433.pdf
NM2005S462,/Users/josephloffredo/MIT Dropbox/Joseph Loffredo/election_bill_text/data/new_mexico/NM2005S462/senate_SB0462.pdf
NM2005S621,/Users/josephloffredo/MIT Dropbox/Joseph Loffredo/election_bill_text/data/new_mexico/NM2005S621/senate_SB0621.pdf
NM2005S678,/Users/josephloffredo/MIT Dropbox/Joseph Loffredo/election_bill_text/data/new_mexico/NM2005S678/final_SB0678.pdf
NM2005S680,/Users/josephloffredo/MIT Dropbox/Joseph Loffredo/election_bill_text/data/new_mexico/NM2005S680/senate_SB0680.pdf
NM2005S718,/Users/josephloffredo/MIT Dropbox/Joseph Loffredo/election_bill_text/data/new_mexico/NM2005S718/senate_SB0718.pdf
NM2005S735,/Users/josephloffredo/MIT Dropbox/Joseph Loffredo/election_bill_text/data/new_mexico/NM2005S735/senate_SB0735.pdf
NM2005S83,/Users/josephloffredo/MIT Dropbox/Joseph Loffredo/election_bill_text/data/new_mexico/NM2005S83/senate_SB0083.pdf
NM2005S962,/Users/josephloffredo/MIT Dropbox/Joseph Loffredo/election_bill_text/data/new_mexico/NM2005S962/senate_SB0962.pdf
NM2005S997,/Users/josephloffredo/MIT Dropbox/Joseph Loffredo/election_bill_text/data/new_mexico/NM2005S997/senate_SB0997.pdf
NM2007H1099,/Users/josephloffredo/MIT Dropbox/Joseph Loffredo/election_bill_text/data/new_mexico/NM2007H1099/house_HB1099.pdf
NM2007H1140,/Users/josephloffredo/MIT Dropbox/Joseph Loffredo/election_bill_text/data/new_mexico/NM2007H1140/final_HB1140.pdf
NM2007H1153,/Users/josephloffredo/MIT Dropbox/Joseph Loffredo/election_bill_text/data/new_mexico/NM2007H1153/house_HB1153.pdf
NM2007H1155,/Users/josephloffredo/MIT Dropbox/Joseph Loffredo/election_bill_text/data/new_mexico/NM2007H1155/final_HB1155.pdf
NM2007H1156,/Users/josephloffredo/MIT Dropbox/Joseph Loffredo/election_bill_text/data/new_mexico/NM2007H1156/final_HB1156.pdf
NM2007H12,/Users/josephloffredo/MIT Dropbox/Joseph Loffredo/election_bill_text/data/new_mexico/NM2007H12/house_HB0012.pdf
NM2007H1269,/Users/josephloffredo/MIT Dropbox/Joseph Loffredo/election_bill_text/data/new_mexico/NM2007H1269/house_HB1269.pdf
NM2007H1272,/Users/josephloffredo/MIT Dropbox/Joseph Loffredo/election_bill_text/data/new_mexico/NM2007H1272/house_HB1272.pdf
NM2007H1274,/Users/josephloffredo/MIT Dropbox/Joseph Loffredo/election_bill_text/data/new_mexico/NM2007H1274/house_HB1274.pdf
NM2007H331,/Users/josephloffredo/MIT Dropbox/Joseph Loffredo/election_bill_text/data/new_mexico/NM2007H331/house_HB0331.pdf
NM2007H346,/Users/josephloffredo/MIT Dropbox/Joseph Loffredo/election_bill_text/data/new_mexico/NM2007H346/house_HB0346.pdf
NM2007H394,/Users/josephloffredo/MIT Dropbox/Joseph Loffredo/election_bill_text/data/new_mexico/NM2007H394/house_HB0394.pdf
NM2007H470,/Users/josephloffredo/MIT Dropbox/Joseph Loffredo/election_bill_text/data/new_mexico/NM2007H470/house_HB0470.pdf
NM2007H626,/Users/josephloffredo/MIT Dropbox/Joseph Loffredo/election_bill_text/data/new_mexico/NM2007H626/house_HB0626.pdf
NM2007H627,/Users/josephloffredo/MIT Dropbox/Joseph Loffredo/election_bill_text/data/new_mexico/NM2007H627/house_HB0627.pdf
NM2007H628,/Users/josephloffredo/MIT Dropbox/Joseph Loffredo/election_bill_text/data/new_mexico/NM2007H628/house_HB0628.pdf
NM2007H69,/Users/josephloffredo/MIT Dropbox/Joseph Loffredo/election_bill_text/data/new_mexico/NM2007H69/house_HB0069.pdf
NM2007H698,/Users/josephloffredo/MIT Dropbox/Joseph Loffredo/election_bill_text/data/new_mexico/NM2007H698/house_HB0698.pdf
NM2007H70,/Users/josephloffredo/MIT Dropbox/Joseph Loffredo/election_bill_text/data/new_mexico/NM2007H70/house_HB0070.pdf
NM2007H748,/Users/josephloffredo/MIT Dropbox/Joseph Loffredo/election_bill_text/data/new_mexico/NM2007H748/house_HB0748.pdf
NM2007H758,/Users/josephloffredo/MIT Dropbox/Joseph Loffredo/election_bill_text/data/new_mexico/NM2007H758/house_HB0758.pdf
NM2007H860,/Users/josephloffredo/MIT Dropbox/Joseph Loffredo/election_bill_text/data/new_mexico/NM2007H860/house_HB0860.pdf
NM2007S1105,/Users/josephloffredo/MIT Dropbox/Joseph Loffredo/election_bill_text/data/new_mexico/NM2007S1105/final_SB1105.pdf
NM2007S179,/Users/josephloffredo/MIT Dropbox/Joseph Loffredo/election_bill_text/data/new_mexico/NM2007S179/senate_SB0179.pdf
NM2007S342,/Users/josephloffredo/MIT Dropbox/Joseph Loffredo/election_bill_text/data/new_mexico/NM2007S342/final_SB0342.pdf
NM2007S360,/Users/josephloffredo/MIT Dropbox/Joseph Loffredo/election_bill_text/data/new_mexico/NM2007S360/senate_SB0360.pdf
NM2007S449,/Users/josephloffredo/MIT Dropbox/Joseph Loffredo/election_bill_text/data/new_mexico/NM2007S449/senate_SB0449.pdf
NM2007S506,/Users/josephloffredo/MIT Dropbox/Joseph Loffredo/election_bill_text/data/new_mexico/NM2007S506/final_SB0506.pdf
NM2007S510,/Users/josephloffredo/MIT Dropbox/Joseph Loffredo/election_bill_text/data/new_mexico/NM2007S510/senate_SB0510.pdf
NM2007S52,/Users/josephloffredo/MIT Dropbox/Joseph Loffredo/election_bill_text/data/new_mexico/NM2007S52/senate_SB0052.pdf
NM2007S571,/Users/josephloffredo/MIT Dropbox/Joseph Loffredo/election_bill_text/data/new_mexico/NM2007S571/senate_SB0571.pdf
NM2007S603,/Users/josephloffredo/MIT Dropbox/Joseph Loffredo/election_bill_text/data/new_mexico/NM2007S603/senate_SB0603.pdf
NM2007S666,/Users/josephloffredo/MIT Dropbox/Joseph Loffredo/election_bill_text/data/new_mexico/NM2007S666/senate_SB0666.pdf
NM2007S671,/Users/josephloffredo/MIT Dropbox/Joseph Loffredo/election_bill_text/data/new_mexico/NM2007S671/final_SB0671.pdf
NM2007S860,/Users/josephloffredo/MIT Dropbox/Joseph Loffredo/election_bill_text/data/new_mexico/NM2007S860/senate_SB0860.pdf
NM2007S948,/Users/josephloffredo/MIT Dropbox/Joseph Loffredo/election_bill_text/data/new_mexico/NM2007S948/senate_SB0948.pdf
NM2007S956,/Users/josephloffredo/MIT Dropbox/Joseph Loffredo/election_bill_text/data/new_mexico/NM2007S956/senate_SB0956.pdf
NM2007S980,/Users/josephloffredo/MIT Dropbox/Joseph Loffredo/election_bill_text/data/new_mexico/NM2007S980/senate_SB0980.pdf
NM2008H113,/Users/josephloffredo/MIT Dropbox/Joseph Loffredo/election_bill_text/data/new_mexico/NM2008H113/house_HB0113.pdf
NM2008H190,/Users/josephloffredo/MIT Dropbox/Joseph Loffredo/election_bill_text/data/new_mexico/NM2008H190/house_HB0190.pdf
NM2008H191,/Users/josephloffredo/MIT Dropbox/Joseph Loffredo/election_bill_text/data/new_mexico/NM2008H191/house_HB0191.pdf
NM2008H203,/Users/josephloffredo/MIT Dropbox/Joseph Loffredo/election_bill_text/data/new_mexico/NM2008H203/house_HB0203.pdf
NM2008H221,/Users/josephloffredo/MIT Dropbox/Joseph Loffredo/election_bill_text/data/new_mexico/NM2008H221/final_HB0221.pdf
NM2008S1,/Users/josephloffredo/MIT Dropbox/Joseph Loffredo/election_bill_text/data/new_mexico/NM2008S1/final_SB0001.pdf
NM2008S198,/Users/josephloffredo/MIT Dropbox/Joseph Loffredo/election_bill_text/data/new_mexico/NM2008S198/senate_SB0198.pdf
NM2008S256,/Users/josephloffredo/MIT Dropbox/Joseph Loffredo/election_bill_text/data/new_mexico/NM2008S256/final_SB0256.pdf
NM2008S80,/Users/josephloffredo/MIT Dropbox/Joseph Loffredo/election_bill_text/data/new_mexico/NM2008S80/final_SB0080.pdf
NM2008S81,/Users/josephloffredo/MIT Dropbox/Joseph Loffredo/election_bill_text/data/new_mexico/NM2008S81/final_SB0081.pdf
NM2009H274,/Users/josephloffredo/MIT Dropbox/Joseph Loffredo/election_bill_text/data/new_mexico/NM2009H274/house_HB0274.pdf
NM2009H280,/Users/josephloffredo/MIT Dropbox/Joseph Loffredo/election_bill_text/data/new_mexico/NM2009H280/house_HB0280.pdf
NM2009H299,/Users/josephloffredo/MIT Dropbox/Joseph Loffredo/election_bill_text/data/new_mexico/NM2009H299/house_HB0299.pdf
NM2009H383,/Users/josephloffredo/MIT Dropbox/Joseph Loffredo/election_bill_text/data/new_mexico/NM2009H383/house_HB0383.pdf
NM2009H387,/Users/josephloffredo/MIT Dropbox/Joseph Loffredo/election_bill_text/data/new_mexico/NM2009H387/final_HB0387.pdf
NM2009H390,/Users/josephloffredo/MIT Dropbox/Joseph Loffredo/election_bill_text/data/new_mexico/NM2009H390/final_HB0390.pdf
NM2009H395,/Users/josephloffredo/MIT Dropbox/Joseph Loffredo/election_bill_text/data/new_mexico/NM2009H395/house_HB0395.pdf
NM2009H419,/Users/josephloffredo/MIT Dropbox/Joseph Loffredo/election_bill_text/data/new_mexico/NM2009H419/house_HB0419.pdf
NM2009H42,/Users/josephloffredo/MIT Dropbox/Joseph Loffredo/election_bill_text/data/new_mexico/NM2009H42/house_HB0042.pdf
NM2009H487,/Users/josephloffredo/MIT Dropbox/Joseph Loffredo/election_bill_text/data/new_mexico/NM2009H487/house_HB0487.pdf
NM2009H52,/Users/josephloffredo/MIT Dropbox/Joseph Loffredo/election_bill_text/data/new_mexico/NM2009H52/house_HB0052.pdf
NM2009H583,/Users/josephloffredo/MIT Dropbox/Joseph Loffredo/election_bill_text/data/new_mexico/NM2009H583/final_HB0583.pdf
NM2009H591,/Users/josephloffredo/MIT Dropbox/Joseph Loffredo/election_bill_text/data/new_mexico/NM2009H591/house_HB0591.pdf
NM2009H640,/Users/josephloffredo/MIT Dropbox/Joseph Loffredo/election_bill_text/data/new_mexico/NM2009H640/house_HB0640.pdf
NM2009H651,/Users/josephloffredo/MIT Dropbox/Joseph Loffredo/election_bill_text/data/new_mexico/NM2009H651/house_HB0651.pdf
NM2009H698,/Users/josephloffredo/MIT Dropbox/Joseph Loffredo/election_bill_text/data/new_mexico/NM2009H698/house_HB0698.pdf
NM2009H748,/Users/josephloffredo/MIT Dropbox/Joseph Loffredo/election_bill_text/data/new_mexico/NM2009H748/house_HB0748.pdf
NM2009H769,/Users/josephloffredo/MIT Dropbox/Joseph Loffredo/election_bill_text/data/new_mexico/NM2009H769/house_HB0769.pdf
NM2009H838,/Users/josephloffredo/MIT Dropbox/Joseph Loffredo/election_bill_text/data/new_mexico/NM2009H838/house_HB0838.pdf
NM2009H855,/Users/josephloffredo/MIT Dropbox/Joseph Loffredo/election_bill_text/data/new_mexico/NM2009H855/house_HB0855.pdf
NM2009H864,/Users/josephloffredo/MIT Dropbox/Joseph Loffredo/election_bill_text/data/new_mexico/NM2009H864/final_HB0864.pdf
NM2009H91,/Users/josephloffredo/MIT Dropbox/Joseph Loffredo/election_bill_text/data/new_mexico/NM2009H91/house_HB0091.pdf
NM2009S247,/Users/josephloffredo/MIT Dropbox/Joseph Loffredo/election_bill_text/data/new_mexico/NM2009S247/senate_SB0247.pdf
NM2009S3,/Users/josephloffredo/MIT Dropbox/Joseph Loffredo/election_bill_text/data/new_mexico/NM2009S3/final_SB0003.pdf
NM2009S413,/Users/josephloffredo/MIT Dropbox/Joseph Loffredo/election_bill_text/data/new_mexico/NM2009S413/senate_SB0413.pdf
NM2009S672,/Users/josephloffredo/MIT Dropbox/Joseph Loffredo/election_bill_text/data/new_mexico/NM2009S672/senate_SB0672.pdf
NM2009S685,/Users/josephloffredo/MIT Dropbox/Joseph Loffredo/election_bill_text/data/new_mexico/NM2009S685/final_SB0685.pdf
NM2009S72,/Users/josephloffredo/MIT Dropbox/Joseph Loffredo/election_bill_text/data/new_mexico/NM2009S72/final_SB0072.pdf
NM2010H123,/Users/josephloffredo/MIT Dropbox/Joseph Loffredo/election_bill_text/data/new_mexico/NM2010H123/house_HB0123.pdf
NM2010H157,/Users/josephloffredo/MIT Dropbox/Joseph Loffredo/election_bill_text/data/new_mexico/NM2010H157/house_HB0157.pdf
NM2010H158,/Users/josephloffredo/MIT Dropbox/Joseph Loffredo/election_bill_text/data/new_mexico/NM2010H158/house_HB0158.pdf
NM2010H198,/Users/josephloffredo/MIT Dropbox/Joseph Loffredo/election_bill_text/data/new_mexico/NM2010H198/final_HB0198.pdf
NM2010H206,/Users/josephloffredo/MIT Dropbox/Joseph Loffredo/election_bill_text/data/new_mexico/NM2010H206/house_HB0206.pdf
NM2010H238,/Users/josephloffredo/MIT Dropbox/Joseph Loffredo/election_bill_text/data/new_mexico/NM2010H238/house_HB0238.pdf
NM2010H97,/Users/josephloffredo/MIT Dropbox/Joseph Loffredo/election_bill_text/data/new_mexico/NM2010H97/house_HB0097.pdf
NM2010S136,/Users/josephloffredo/MIT Dropbox/Joseph Loffredo/election_bill_text/data/new_mexico/NM2010S136/senate_SB0136.pdf
NM2010S161,/Users/josephloffredo/MIT Dropbox/Joseph Loffredo/election_bill_text/data/new_mexico/NM2010S161/senate_SB0161.pdf
NM2010S99,/Users/josephloffredo/MIT Dropbox/Joseph Loffredo/election_bill_text/data/new_mexico/NM2010S99/senate_SB0099.pdf
NM2011H517,/Users/josephloffredo/MIT Dropbox/Joseph Loffredo/election_bill_text/data/new_mexico/NM2011H517/house_HB0517.pdf
NM2011S93,/Users/josephloffredo/MIT Dropbox/Joseph Loffredo/election_bill_text/data/new_mexico/NM2011S93/senate_SB0093.pdf
NM2013S218,/Users/josephloffredo/MIT Dropbox/Joseph Loffredo/election_bill_text/data/new_mexico/NM2013S218/senate_SB0218.pdf
NM2013S485,/Users/josephloffredo/MIT Dropbox/Joseph Loffredo/election_bill_text/data/new_mexico/NM2013S485/final_SB0485.pdf
NM2013S584,/Users/josephloffredo/MIT Dropbox/Joseph Loffredo/election_bill_text/data/new_mexico/NM2013S584/senate_SB0584.pdf
